"DESCRIPTION","DURATION IN MS","NAME","PARENT SUITE","START TIME","STATUS","STOP TIME","SUB SUITE","SUITE","TEST CLASS","TEST METHOD"
"","1292","Получение заказов авторизованного пользователя","tests","2026-10-08","passed","2026-10-08","TestGetUserOrders","test_get_user_orders","",""
"","215","Получение заказов неавторизованного пользователя","tests","2026-10-08","passed","2026-10-08","TestGetUserOrders","test_get_user_orders","",""
"","987","Авторизованный пользователь может создать заказ с ингредиентами","tests","2026-10-08","passed","2026-10-08","TestCreateOrder","test_create_order","",""
"","224","Создание уже зарегистрированного пользователя","tests","2026-10-08","passed","2026-10-08","TestCreateUser","test_create_user","",""
"","217","Нельзя создать заказ с неверным хешем ингредиента","tests","2026-10-08","passed","2026-10-08","TestCreateOrder","test_create_order","",""
"","329","Логин под существующим пользователем","tests","2026-10-08","passed","2026-10-08","TestLoginUser","test_login_user","",""
"","237","Изменение поля пользователя с авторизацией","tests","2026-10-08","passed","2026-10-08","TestUpdateUser","test_update_user","",""
"","224","Изменение поля пользователя без авторизации возвращает ошибку","tests","2026-10-08","passed","2026-10-08","TestUpdateUser","test_update_user","",""
"","215","Изменение поля пользователя без авторизации возвращает ошибку","tests","2026-10-08","passed","2026-10-08","TestUpdateUser","test_update_user","",""
"","215","Создание пользователя без обязательного поля","tests","2026-10-08","passed","2026-10-08","TestCreateUser","test_create_user","",""
"","230","Можно создать заказ без ингредиентов","tests","2026-10-08","passed","2026-10-08","TestCreateOrder","test_create_order","",""
"","661","Изменение поля пользователя с авторизацией","tests","2026-10-08","passed","2026-10-08","TestUpdateUser","test_update_user","",""
"","227","Изменение поля пользователя с авторизацией","tests","2026-10-08","passed","2026-10-08","TestUpdateUser","test_update_user","",""
"","220","Создание пользователя без обязательного поля","tests","2026-10-08","passed","2026-10-08","TestCreateUser","test_create_user","",""
"","602","Создание уникального пользователя","tests","2026-10-08","passed","2026-10-08","TestCreateUser","test_create_user","",""
"","225","Изменение поля пользователя без авторизации возвращает ошибку","tests","2026-10-08","passed","2026-10-08","TestUpdateUser","test_update_user","",""
"","219","Неавторизованный пользователь может создать заказ","tests","2026-10-08","passed","2026-10-08","TestCreateOrder","test_create_order","",""
"","218","Создание пользователя без обязательного поля","tests","2026-10-08","passed","2026-10-08","TestCreateUser","test_create_user","",""
"","233","Логин с неверным логином и паролем","tests","2026-10-08","passed","2026-10-08","TestLoginUser","test_login_user","",""
